upstream,mirror_name,tier,public_body,ownership_confidence,default_branch,upstream_archived,size_kb,clone_url,web_url,first_seen,last_seen,last_synced,synced_pushed_at,upstream_pushed_at,status,lfs,fidelity_notes,evidence_url
covidgreen/base45-js,covidgreen.base45-js,extended,Covid Green / HSE partner project,high,main,false,23,https://github.com/covidgreen/base45-js.git,https://github.com/covidgreen/base45-js,2026-08-11,2026-09-01,2026-08-26,2021-11-30T12:33:13Z,2021-11-30T12:33:13Z,active,unknown,,https://github.com/covidgreen/organization
covidgreen/covid-green-app,covidgreen.covid-green-app,extended,Covid Green / HSE partner project,high,current,false,7248,https://github.com/covidgreen/covid-green-app.git,https://github.com/covidgreen/covid-green-app,2026-08-11,2026-09-01,2026-08-27,2023-01-26T22:38:52Z,2023-01-26T22:38:52Z,active,unknown,,https://github.com/covidgreen/organization
covidgreen/covid-green-assets,covidgreen.covid-green-assets,extended,Covid Green / HSE partner project,high,current,true,15,https://github.com/covidgreen/covid-green-assets.git,https://github.com/covidgreen/covid-green-assets,2026-08-11,2026-09-01,2026-08-26,2020-07-20T13:01:13Z,2020-07-20T13:01:13Z,active,unknown,,https://github.com/covidgreen/organization
covidgreen/covid-green-backend-api,covidgreen.covid-green-backend-api,extended,Covid Green / HSE partner project,high,current,false,682,https://github.com/covidgreen/covid-green-backend-api.git,https://github.com/covidgreen/covid-green-backend-api,2026-08-11,2026-09-01,2026-08-26,2022-08-17T08:32:27Z,2022-08-17T08:32:27Z,active,unknown,,https://github.com/covidgreen/organization
covidgreen/covid-green-dcc-decoder,covidgreen.covid-green-dcc-decoder,extended,Covid Green / HSE partner project,high,main,false,2382,https://github.com/covidgreen/covid-green-dcc-decoder.git,https://github.com/covidgreen/covid-green-dcc-decoder,2026-08-11,2026-09-01,2026-08-26,2021-12-21T21:42:32Z,2021-12-21T21:42:32Z,active,unknown,,https://github.com/covidgreen/organization
covidgreen/covid-green-dcc-file-decoder,covidgreen.covid-green-dcc-file-decoder,extended,Covid Green / HSE partner project,high,main,false,20828,https://github.com/covidgreen/covid-green-dcc-file-decoder.git,https://github.com/covidgreen/covid-green-dcc-file-decoder,2026-08-11,2026-09-01,2026-08-27,2022-03-25T15:13:43Z,2022-03-25T15:13:43Z,active,unknown,,https://github.com/covidgreen/organization
covidgreen/covid-green-dcc-verifier,covidgreen.covid-green-dcc-verifier,extended,Covid Green / HSE partner project,high,main,false,1823,https://github.com/covidgreen/covid-green-dcc-verifier.git,https://github.com/covidgreen/covid-green-dcc-verifier,2026-08-11,2026-09-01,2026-08-26,2021-12-14T09:37:45Z,2021-12-14T09:37:45Z,active,unknown,,https://github.com/covidgreen/organization
covidgreen/covid-green-infra,covidgreen.covid-green-infra,extended,Covid Green / HSE partner project,high,current,false,1299,https://github.com/covidgreen/covid-green-infra.git,https://github.com/covidgreen/covid-green-infra,2026-08-11,2026-09-01,2026-08-26,2021-05-17T12:50:57Z,2021-05-17T12:50:57Z,active,unknown,,https://github.com/covidgreen/organization
covidgreen/covid-green-interoperability-infra,covidgreen.covid-green-interoperability-infra,extended,Covid Green / HSE partner project,high,current,false,38,https://github.com/covidgreen/covid-green-interoperability-infra.git,https://github.com/covidgreen/covid-green-interoperability-infra,2026-08-11,2026-09-01,2026-08-26,2020-10-28T17:29:39Z,2020-10-28T17:29:39Z,active,unknown,,https://github.com/covidgreen/organization
covidgreen/covid-green-interoperability-service,covidgreen.covid-green-interoperability-service,extended,Covid Green / HSE partner project,high,current,false,133,https://github.com/covidgreen/covid-green-interoperability-service.git,https://github.com/covidgreen/covid-green-interoperability-service,2026-08-11,2026-09-01,2026-08-26,2021-03-30T09:25:24Z,2021-03-30T09:25:24Z,active,unknown,,https://github.com/covidgreen/organization
covidgreen/covid-green-lambdas,covidgreen.covid-green-lambdas,extended,Covid Green / HSE partner project,high,current,false,348,https://github.com/covidgreen/covid-green-lambdas.git,https://github.com/covidgreen/covid-green-lambdas,2026-08-11,2026-09-01,2026-08-26,2021-04-13T09:34:25Z,2021-04-13T09:34:25Z,active,unknown,,https://github.com/covidgreen/organization
covidgreen/covid-green-push-api,covidgreen.covid-green-push-api,extended,Covid Green / HSE partner project,high,current,false,492,https://github.com/covidgreen/covid-green-push-api.git,https://github.com/covidgreen/covid-green-push-api,2026-08-11,2026-09-01,2026-08-26,2021-05-21T14:18:15Z,2021-05-21T14:18:15Z,active,unknown,,https://github.com/covidgreen/organization
covidgreen/organization,covidgreen.organization,extended,Covid Green / HSE partner project,high,current,false,9,https://github.com/covidgreen/organization.git,https://github.com/covidgreen/organization,2026-08-11,2026-09-01,2026-08-26,2020-08-05T15:51:54Z,2020-08-05T15:51:54Z,active,unknown,,https://github.com/covidgreen/organization
covidgreen/react-native-exposure-notification-service,covidgreen.react-native-exposure-notification-service,extended,Covid Green / HSE partner project,high,current,false,4153,https://github.com/covidgreen/react-native-exposure-notification-service.git,https://github.com/covidgreen/react-native-exposure-notification-service,2026-08-11,2026-09-01,2026-08-26,2023-03-05T06:26:12Z,2023-03-05T06:26:12Z,active,unknown,,https://github.com/covidgreen/organization
derilinx/ckanext-dgi-public,derilinx.ckanext-dgi-public,extended,data.gov.ie,high,master,false,5904,https://github.com/derilinx/ckanext-dgi-public.git,https://github.com/derilinx/ckanext-dgi-public,2026-08-11,2026-09-01,2026-08-26,2017-03-22T12:47:43Z,2017-03-22T12:47:43Z,active,unknown,,https://github.com/derilinx/ckanext-dgi-public
localgovdrupal/localgov_irish_planning_notices,localgovdrupal.localgov_irish_planning_notices,extended,Carlow County Council-funded LocalGov Drupal module,high,1.x,false,33,https://github.com/localgovdrupal/localgov_irish_planning_notices.git,https://github.com/localgovdrupal/localgov_irish_planning_notices,2026-08-11,2026-09-01,2026-08-26,2025-09-23T11:04:38Z,2025-09-23T11:04:38Z,active,unknown,,https://github.com/localgovdrupal/localgov_irish_planning_notices
localgovdrupal/localgov_irish_service_catalogue,localgovdrupal.localgov_irish_service_catalogue,extended,Tipperary County Council-originated LocalGov Drupal module,high,1.x,false,61,https://github.com/localgovdrupal/localgov_irish_service_catalogue.git,https://github.com/localgovdrupal/localgov_irish_service_catalogue,2026-08-11,2026-09-01,2026-08-26,2023-12-08T13:02:06Z,2023-12-08T13:02:06Z,active,unknown,,https://www.annertech.com/blog/localgov-drupal-gets-multilingual-irish-service-catalogue-features
localgovdrupal/localgov_multilingual,localgovdrupal.localgov_multilingual,extended,Tipperary County Council-originated LocalGov Drupal module,high,1.x,false,60,https://github.com/localgovdrupal/localgov_multilingual.git,https://github.com/localgovdrupal/localgov_multilingual,2026-08-11,2026-09-01,2026-08-26,2024-06-17T13:27:14Z,2024-06-17T13:27:14Z,active,unknown,,https://www.annertech.com/blog/localgov-drupal-gets-multilingual-irish-service-catalogue-features
